ronda,n,m,buscar_ns,registrar_eliminar_ns,conexion_ms,comunidades_ms
1,10000,19835,597.1,13065.1,2.053,2.570
1,20000,40001,797.1,13121.2,6.039,6.386
1,40000,80259,672.4,12766.8,17.299,20.056
1,80000,160422,924.5,12817.7,39.394,42.738
1,160000,320154,778.8,13194.3,84.362,91.279
1,320000,640247,864.2,10820.7,157.347,171.337
2,10000,19835,539.8,11377.0,1.887,1.860
2,20000,40001,669.7,11929.6,5.326,5.794
2,40000,80259,873.6,11768.8,16.262,16.743
2,80000,160422,656.6,12794.4,36.258,42.434
2,160000,320154,838.2,13764.9,81.918,90.213
2,320000,640247,909.3,12235.5,162.547,185.833
3,10000,19835,417.0,12043.1,1.782,2.450
3,20000,40001,602.5,13040.7,7.467,7.761
3,40000,80259,443.5,6206.0,7.457,8.730
3,80000,160422,341.4,5039.5,20.560,21.191
3,160000,320154,347.9,5483.8,44.772,51.074
3,320000,640247,489.6,4545.1,91.820,94.862
4,10000,19835,235.1,4295.9,0.708,0.778
4,20000,40001,344.3,4536.4,1.488,1.788
4,40000,80259,391.2,4230.7,5.249,5.734
4,80000,160422,255.0,4227.0,18.742,18.364
4,160000,320154,341.1,4115.1,42.654,63.245
4,320000,640247,526.4,5262.1,101.380,108.027
5,10000,19835,215.6,4411.4,0.726,0.836
5,20000,40001,310.2,4747.1,1.808,1.862
5,40000,80259,213.8,4474.6,7.052,10.151
5,80000,160422,332.0,4447.8,21.322,21.980
5,160000,320154,414.4,5530.5,42.879,54.077
5,320000,640247,433.5,4142.2,88.916,96.219
